,movie,year,time_minute,imdb_rating,metascore,vote,gross_earning
0,Dune,2021,155,8.4,75.0,71085,
1,Shang-Chi and the Legend of the Ten Rings,2021,132,7.9,71.0,103694,
2,Casino Royale,2006,144,8.0,80.0,608550,167.45
3,Skyfall,2012,143,7.8,81.0,654550,304.36
4,Knives Out,2019,130,7.9,82.0,533602,165.36
5,The Matrix,1999,136,8.7,73.0,1764857,171.48
6,Once Upon a Time... In Hollywood,2019,161,7.6,83.0,641580,142.5
7,The Shawshank Redemption,1994,142,9.3,80.0,2470780,28.34
8,Parasite,2019,132,8.6,96.0,665983,53.37
9,Harry Potter and the Sorcerer's Stone,2001,152,7.6,64.0,701254,317.58
10,Avengers: Endgame,2019,181,8.4,78.0,944815,858.37
11,Halloween,1978,91,7.7,87.0,246041,47.0
12,Blade Runner 2049,2017,164,8.0,81.0,501072,92.05
13,Man on Fire,2004,146,7.7,47.0,344754,77.91
14,Interstellar,2014,169,8.6,74.0,1620933,188.02
15,The Wolf of Wall Street,2013,180,8.2,75.0,1269116,116.9
16,Django Unchained,2012,165,8.4,81.0,1430591,162.81
17,The Godfather,1972,175,9.2,100.0,1707442,134.97
18,Zack Snyder's Justice League,2021,242,8.1,54.0,339347,
19,The Goonies,1985,114,7.8,62.0,256140,61.5
20,The Dark Knight,2008,152,9.0,84.0,2424950,534.86
21,1917,2019,119,8.3,78.0,495001,159.23
22,Once Upon a Time in America,1984,229,8.3,75.0,330122,5.32
23,The Father,2020,97,8.3,88.0,99783,
24,The Lord of the Rings: The Fellowship of the Ring,2001,178,8.8,92.0,1734572,315.54
25,Inception,2010,148,8.8,74.0,2175811,292.58
26,Pulp Fiction,1994,154,8.9,94.0,1912889,107.93
27,Joker,2019,122,8.4,59.0,1073400,335.45
28,Prisoners,2013,153,8.1,70.0,639834,61.0
29,Wind River,2017,107,7.7,73.0,225079,33.8
30,Gone Girl,2014,149,8.1,79.0,911193,167.77
31,Shershaah,2021,135,8.7,,103410,
32,Thor: Ragnarok,2017,130,7.9,74.0,649104,315.06
33,Train to Busan,2016,118,7.6,72.0,188870,2.13
34,Goodfellas,1990,146,8.7,90.0,1072618,46.84
35,Bohemian Rhapsody,2018,134,7.9,49.0,488799,216.43
36,Titanic,1997,194,7.8,75.0,1094653,659.33
37,Mad Max: Fury Road,2015,120,8.1,90.0,929623,154.06
38,Guardians of the Galaxy,2014,121,8.0,76.0,1096188,333.18
39,Battle Royale,2000,114,7.6,81.0,175673,
40,Deadpool 2,2018,119,7.7,66.0,519498,324.59
41,Inglourious Basterds,2009,153,8.3,69.0,1336083,120.54
42,Forrest Gump,1994,142,8.8,82.0,1909897,330.25
43,Gladiator,2000,155,8.5,67.0,1401839,187.71
44,"The Good, the Bad and the Ugly",1966,178,8.8,90.0,719246,6.1
45,A Clockwork Orange,1971,136,8.3,77.0,787190,6.21
46,Little Women,2019,135,7.8,91.0,166642,108.1
47,Another Round,2020,117,7.8,79.0,111863,
48,Jaws,1975,124,8.0,87.0,566098,260.0
49,American Psycho,2000,101,7.6,64.0,527203,15.07
50,Fight Club,1999,139,8.8,66.0,1945056,37.03
51,Jurassic Park,1993,127,8.1,68.0,911005,402.45
52,Avengers: Infinity War,2018,149,8.4,68.0,928099,678.82
53,Deadpool,2016,108,8.0,65.0,950744,363.07
54,The Shining,1980,146,8.4,66.0,944979,44.02
55,Arrival,2016,116,7.9,81.0,636141,100.55
56,Taxi Driver,1976,114,8.2,94.0,763386,28.26
57,Blade Runner,1982,117,8.1,84.0,723410,32.87
58,The Departed,2006,151,8.5,85.0,1243288,132.38
59,The Silence of the Lambs,1991,118,8.6,85.0,1334911,130.74
60,The Nightmare Before Christmas,1993,76,8.0,82.0,310844,75.08
61,The Princess Bride,1987,98,8.1,77.0,408970,30.86
62,The Revenant,2015,156,8.0,76.0,743993,183.64
63,Alien,1979,117,8.4,89.0,825025,78.9
64,Se7en,1995,127,8.6,65.0,1520496,100.13
65,The Gentlemen,2019,113,7.8,51.0,282761,
66,Boogie Nights,1997,155,7.9,85.0,250754,26.4
67,The Dark Knight Rises,2012,164,8.4,78.0,1581278,448.14
68,Sicario,2015,121,7.6,82.0,395971,46.89
69,Schindler's List,1993,195,8.9,94.0,1269179,96.9
70,No Country for Old Men,2007,122,8.1,91.0,902901,74.28
71,Call Me by Your Name,2017,132,7.9,93.0,237303,18.1
72,Back to the Future,1985,116,8.5,87.0,1115511,210.61
73,Spider-Man: Into the Spider-Verse,2018,117,8.4,87.0,429893,190.24
74,Star Wars: Episode IV - A New Hope,1977,121,8.6,90.0,1279296,322.74
75,The Green Mile,1999,189,8.6,61.0,1206457,136.8
76,Harry Potter and the Deathly Hallows: Part 2,2011,130,8.1,85.0,804484,381.01
77,Catch Me If You Can,2002,141,8.1,75.0,888830,164.62
78,Oldboy,2003,101,8.4,77.0,542153,0.71
79,The Big Short,2015,130,7.8,81.0,391651,70.26
80,Shutter Island,2010,138,8.2,63.0,1199216,128.01
81,Léon: The Professional,1994,110,8.5,64.0,1084022,19.5
82,Harry Potter and the Goblet of Fire,2005,157,7.7,81.0,575412,290.01
83,Trainspotting,1996,93,8.1,83.0,657027,16.5
84,Tombstone,1993,130,7.8,50.0,136382,56.51
85,Die Hard,1988,132,8.2,72.0,822040,83.01
86,Jojo Rabbit,2019,108,7.9,58.0,340557,0.35
87,The Boy in the Striped Pajamas,2008,94,7.8,55.0,201794,9.03
88,Stardust,2007,127,7.6,66.0,263275,38.63
89,Whiplash,2014,106,8.5,88.0,765903,13.09
90,Star Trek,2009,127,7.9,82.0,590431,257.73
91,12 Angry Men,1957,96,9.0,96.0,731272,4.36
92,Pirates of the Caribbean: The Curse of the Black Pearl,2003,143,8.0,63.0,1046554,305.41
93,The Prestige,2006,130,8.5,66.0,1247605,53.09
94,There Will Be Blood,2007,158,8.2,93.0,546155,40.22
95,Get Out,2017,104,7.7,85.0,532118,176.04
96,Good Will Hunting,1997,126,8.3,70.0,902670,138.43
97,Pride & Prejudice,2005,129,7.8,82.0,273953,38.41
98,Aliens,1986,137,8.3,84.0,679673,85.16
99,American Beauty,1999,122,8.3,84.0,1105978,130.1
100,Guardians of the Galaxy Vol. 2,2017,136,7.6,67.0,612474,389.81
101,The Grand Budapest Hotel,2014,99,8.1,88.0,747142,59.1
102,What We Do in the Shadows,2014,86,7.7,76.0,168701,3.33
103,The Lord of the Rings: The Return of the King,2003,201,8.9,94.0,1713300,377.85
104,Scarface,1983,170,8.3,65.0,780077,45.6
105,The Big Lebowski,1998,117,8.1,71.0,767494,17.5
106,Ghostbusters,1984,105,7.8,71.0,373943,238.63
107,Avatar,2009,162,7.8,83.0,1157811,760.51
108,Hamilton,2020,160,8.4,90.0,74500,
109,Young Frankenstein,1974,106,8.0,80.0,150492,86.3
110,The Fifth Element,1997,126,7.7,52.0,449887,63.54
111,Heat,1995,170,8.2,76.0,607941,67.44
112,The Hangover,2009,100,7.7,73.0,743988,277.32
113,Almost Famous,2000,122,7.9,90.0,265372,32.53
114,Batman Begins,2005,140,8.2,70.0,1362713,206.85
115,The Irishman,2019,209,7.8,94.0,352572,7.0
116,Logan,2017,137,8.1,77.0,689999,226.28
117,Dazed and Confused,1993,102,7.6,78.0,174317,7.99
118,The Notebook,2004,123,7.8,53.0,541479,81.0
119,Ex Machina,2014,108,7.7,78.0,503091,25.44
120,Iron Man,2008,126,7.9,79.0,985815,318.41
121,The Avengers,2012,143,8.0,69.0,1310116,623.28
122,Black Swan,2010,108,8.0,79.0,725234,106.95
123,Ferris Bueller's Day Off,1986,103,7.8,61.0,336276,70.14
124,The Social Network,2010,120,7.7,95.0,655745,96.96
125,Saving Private Ryan,1998,169,8.6,91.0,1294818,216.54
126,Dunkirk,2017,106,7.8,94.0,597274,188.37
127,The Thing,1982,109,8.1,57.0,392331,13.78
128,Indiana Jones and the Raiders of the Lost Ark,1981,115,8.4,85.0,918407,248.16
129,Requiem for a Dream,2000,102,8.3,68.0,797017,3.64
130,Watchmen,2009,162,7.6,56.0,526859,107.51
131,Baby Driver,2017,113,7.6,86.0,478877,107.83
132,Blue Is the Warmest Colour,2013,180,7.7,89.0,144619,2.2
133,Harry Potter and the Prisoner of Azkaban,2004,142,7.9,82.0,581543,249.36
134,Drive,2011,100,7.8,78.0,596341,35.06
135,The Lion King,1994,88,8.5,88.0,985816,422.78
136,The Truman Show,1998,103,8.1,90.0,991618,125.62
137,Rogue One: A Star Wars Story,2016,133,7.8,65.0,581454,532.18
138,Atonement,2007,123,7.8,85.0,263257,50.93
139,Psycho,1960,109,8.5,97.0,631997,32.0
140,Edward Scissorhands,1990,105,7.9,74.0,462264,56.36
141,Mulholland Drive,2001,147,7.9,85.0,338186,7.22
142,Donnie Darko,2001,113,8.0,88.0,764867,1.48
143,One Flew Over the Cuckoo's Nest,1975,133,8.7,84.0,955694,112.0
144,The Exorcist,1973,122,8.0,81.0,377037,232.91
145,Coco,2017,105,8.4,81.0,433949,209.73
146,The Girl with the Dragon Tattoo,2011,158,7.8,71.0,441089,102.52
147,Kingsman: The Secret Service,2014,129,7.7,60.0,617751,128.26
148,The Help,2011,146,8.0,62.0,440052,169.71
149,Moana,2016,107,7.6,81.0,297972,248.76
150,The Hobbit: An Unexpected Journey,2012,169,7.8,58.0,781675,303.0
151,The Sixth Sense,1999,107,8.1,64.0,943670,293.51
152,E.T. the Extra-Terrestrial,1982,115,7.8,91.0,387905,435.11
153,Soul,2020,100,8.1,83.0,280042,
154,La La Land,2016,128,8.0,94.0,538908,151.1
155,Snatch,2000,102,8.3,55.0,813044,30.33
156,Demon Slayer: Mugen Train,2020,117,8.3,75.0,37139,47.7
157,Spirited Away,2001,125,8.6,96.0,695800,10.06
158,The Hateful Eight,2015,168,7.8,68.0,552174,54.12
159,Hacksaw Ridge,2016,139,8.1,71.0,469207,67.21
160,Apocalypse Now,1979,147,8.4,94.0,630835,83.47
161,Kill Bill: Vol. 1,2003,111,8.1,69.0,1048127,70.1
162,Zodiac,2007,157,7.7,78.0,497834,33.08
163,300,2006,117,7.6,52.0,758101,210.61
164,The Usual Suspects,1995,106,8.5,77.0,1030584,23.34
165,The Handmaiden,2016,145,8.1,84.0,128579,2.01
166,The Godfather: Part II,1974,202,9.0,90.0,1186064,57.3
167,Full Metal Jacket,1987,116,8.3,76.0,702709,46.36
168,The Lord of the Rings: The Two Towers,2002,179,8.7,87.0,1548913,342.55
169,Incendies,2010,131,8.3,80.0,162741,6.86
170,Terminator 2: Judgment Day,1991,137,8.5,75.0,1035557,204.84
171,Reservoir Dogs,1992,99,8.3,79.0,959802,2.83
172,Office Space,1999,89,7.7,68.0,252439,10.82
173,Eternal Sunshine of the Spotless Mind,2004,108,8.3,89.0,950106,34.4
174,Memento,2000,113,8.4,80.0,1171194,25.54
175,Star Wars: Episode VII - The Force Awakens,2015,138,7.8,80.0,886164,936.66
176,Network,1976,121,8.1,83.0,152612,
177,Predator,1987,107,7.8,45.0,387985,59.74
178,The Martian,2015,144,8.0,80.0,796696,228.43
179,Harry Potter and the Deathly Hallows: Part 1,2010,146,7.7,65.0,503989,295.98
180,Green Book,2018,130,8.2,69.0,428526,85.08
181,Training Day,2001,122,7.7,69.0,410149,76.63
182,Fantastic Mr. Fox,2009,87,7.9,83.0,212994,21.0
183,Magnolia,1999,188,8.0,77.0,300162,22.46
184,Ford v Ferrari,2019,152,8.1,81.0,337283,117.62
185,The Terminator,1984,107,8.0,84.0,821736,38.4
186,Sin City,2005,124,8.0,74.0,750389,74.1
187,Star Wars: Episode VI - Return of the Jedi,1983,131,8.3,58.0,988008,309.13
188,2001: A Space Odyssey,1968,149,8.3,84.0,630999,56.95
189,V for Vendetta,2005,132,8.1,62.0,1067948,70.51
190,Braveheart,1995,178,8.3,68.0,990000,75.6
191,Dead Poets Society,1989,128,8.1,79.0,450231,95.86
192,The Hunt,2012,115,8.3,77.0,304364,0.69
193,Edge of Tomorrow,2014,113,7.9,71.0,632576,100.21
194,Pan's Labyrinth,2006,118,8.2,98.0,639631,37.63
195,The Game,1997,129,7.7,61.0,370220,48.32
196,Gran Torino,2008,116,8.1,72.0,743005,148.1
197,Into the Wild,2007,148,8.1,73.0,595400,18.35
198,A Star Is Born,2018,136,7.6,88.0,356617,215.29
199,Goldfinger,1964,110,7.7,87.0,180884,51.08
200,Stand by Me,1986,89,8.1,75.0,380711,52.29
201,City of God,2002,130,8.6,79.0,723033,7.56
202,The Graduate,1967,106,8.0,83.0,263419,104.95
203,The Pianist,2002,150,8.5,85.0,772540,32.57
204,The Breakfast Club,1985,97,7.8,66.0,372841,45.88
205,"Three Billboards Outside Ebbing, Missouri",2017,115,8.1,88.0,467311,54.51
206,Nightcrawler,2014,117,7.8,76.0,496853,32.38
207,Unforgiven,1992,130,8.2,85.0,392579,101.16
208,Zootopia,2016,108,8.0,78.0,459569,341.27
209,The Blind Side,2009,129,7.6,53.0,308558,255.96
210,Saw,2004,103,7.6,46.0,397715,56.0
211,The Last of the Mohicans,1992,112,7.7,76.0,159479,75.51
212,The Incredibles,2004,115,8.0,90.0,682283,261.44
213,Star Wars: Episode V - The Empire Strikes Back,1980,124,8.7,82.0,1207472,290.48
214,Captain America: Civil War,2016,147,7.8,75.0,710733,408.08
215,Mission: Impossible - Fallout,2018,147,7.7,86.0,308687,220.16
216,Fargo,1996,98,8.1,85.0,644351,24.61
217,Her,2013,126,8.0,91.0,568813,25.57
218,Harry Potter and the Half-Blood Prince,2009,153,7.6,78.0,500690,301.96
219,Rocky,1976,120,8.1,70.0,540724,117.24
220,Mystic River,2003,138,7.9,84.0,437624,90.14
221,Citizen Kane,1941,119,8.3,100.0,423142,1.59
222,Captain Fantastic,2016,118,7.9,72.0,205580,5.88
223,American History X,1998,119,8.5,62.0,1069077,6.72
224,True Romance,1993,119,7.9,59.0,217144,12.28
225,Home Alone,1990,103,7.6,63.0,508725,285.76
226,The Perks of Being a Wallflower,2012,103,7.9,67.0,482253,17.74
227,The Imitation Game,2014,114,8.0,71.0,718959,91.13
228,The Intouchables,2011,112,8.5,57.0,798615,13.18
229,I Saw the Devil,2010,144,7.8,67.0,119992,0.13
230,Coraline,2009,100,7.7,80.0,208982,75.29
231,Brokeback Mountain,2005,134,7.7,87.0,338885,83.04
232,Life Is Beautiful,1997,116,8.6,59.0,653488,57.6
233,Come and See,1985,142,8.3,,68408,
234,Apocalypto,2006,139,7.8,68.0,300164,50.87
235,The Hobbit: The Desolation of Smaug,2013,161,7.8,66.0,622788,258.37
236,American Gangster,2007,157,7.8,76.0,406925,130.16
237,The Wizard of Oz,1939,102,8.0,92.0,379990,2.08
238,A Few Good Men,1992,138,7.7,62.0,247638,141.34
239,Zombieland,2009,88,7.6,73.0,543129,75.59
240,Rush,2013,123,8.1,74.0,453418,26.95
241,Howl's Moving Castle,2004,119,8.2,80.0,358726,4.71
242,The Birds,1963,119,7.7,90.0,179729,11.4
243,Ocean's Eleven,2001,116,7.7,74.0,540017,183.42
244,Your Name.,2016,106,8.4,79.0,226135,5.02
245,About Time,2013,123,7.8,55.0,323298,15.32
246,Ratatouille,2007,111,8.0,96.0,670985,206.45
247,Memories of Murder,2003,132,8.1,82.0,159601,0.01
248,Silver Linings Playbook,2012,122,7.7,81.0,681536,132.09
249,Warrior,2011,140,8.1,71.0,450645,13.66
250,Midnight in Paris,2011,94,7.7,81.0,403579,56.82
251,The Mitchells vs the Machines,2021,113,7.7,80.0,76450,
252,Harold and Maude,1971,91,7.9,62.0,74973,
253,Sound of Metal,2019,120,7.8,82.0,106186,
254,Marriage Story,2019,137,7.9,94.0,273882,2.0
255,The Untouchables,1987,119,7.9,79.0,295134,76.27
256,Black Hawk Down,2001,144,7.7,74.0,377701,108.64
257,Tangled,2010,100,7.7,71.0,423903,200.82
258,Hot Fuzz,2007,121,7.8,81.0,482791,23.64
259,Inside Out,2015,95,8.1,94.0,655285,356.46
260,Argo,2012,120,7.7,86.0,591205,136.03
261,Captain America: The Winter Soldier,2014,136,7.7,70.0,779156,259.77
262,12 Years a Slave,2013,134,8.1,96.0,665940,56.67
263,Moneyball,2011,133,7.6,87.0,392333,75.61
264,Spotlight,2015,129,8.1,93.0,443364,45.06
265,Casino,1995,178,8.2,73.0,489031,42.44
266,Shrek,2001,90,7.9,84.0,639607,267.67
267,Amadeus,1984,160,8.3,88.0,382913,51.97
268,True Grit,2010,110,7.6,80.0,323850,171.24
269,Amélie,2001,122,8.3,69.0,726003,33.23
270,Room,2015,118,8.1,86.0,393717,14.68
271,Rear Window,1954,112,8.5,100.0,466343,36.76
272,Wonder,2017,113,8.0,66.0,153347,132.42
273,The Sandlot,1993,101,7.8,55.0,84813,32.42
274,Sense and Sensibility,1995,136,7.7,84.0,109425,43.18
275,The Fault in Our Stars,2014,126,7.7,69.0,357686,124.87
276,Platoon,1986,120,8.1,92.0,395880,138.53
277,Remember the Titans,2000,113,7.8,48.0,205202,115.65
278,Children of Men,2006,109,7.9,84.0,480099,35.55
279,A Beautiful Mind,2001,135,8.2,72.0,882693,170.74
280,The Curious Case of Benjamin Button,2008,166,7.8,70.0,615080,127.51
281,Up,2009,96,8.2,88.0,977582,293.0
282,Finding Nemo,2003,100,8.1,90.0,985573,380.84
283,The Lives of Others,2006,137,8.4,89.0,373321,11.29
284,Portrait of a Lady on Fire,2019,122,8.1,95.0,77828,3.76
285,Million Dollar Baby,2004,132,8.1,86.0,658738,100.49
286,Capernaum,2018,126,8.4,75.0,76038,1.66
287,Primal Fear,1996,129,7.7,47.0,200714,56.12
288,Indiana Jones and the Last Crusade,1989,127,8.2,65.0,718374,197.17
289,Dances with Wolves,1990,181,8.0,72.0,250826,184.21
290,Casablanca,1942,102,8.5,100.0,543834,1.02
291,Airplane!,1980,88,7.7,78.0,224923,83.4
292,Despicable Me,2010,95,7.6,72.0,517925,251.51
293,Hell or High Water,2016,102,7.6,88.0,214789,26.86
294,Vertigo,1958,128,8.3,100.0,382940,3.2
295,In the Mood for Love,2000,98,8.1,85.0,137154,2.73
296,For a Few Dollars More,1965,132,8.2,74.0,243904,15.0
297,Birdman or (The Unexpected Virtue of Ignorance),2014,119,7.7,87.0,601931,42.34
298,Hidden Figures,2016,127,7.8,74.0,212582,169.61
299,Just Mercy,2019,137,7.6,68.0,56873,
300,A Fistful of Dollars,1964,99,8.0,65.0,207189,14.5
301,Big Fish,2003,125,8.0,58.0,427799,66.26
302,Toy Story,1995,81,8.3,95.0,928729,191.8
303,Willy Wonka & the Chocolate Factory,1971,100,7.8,67.0,188705,4.0
304,In Bruges,2008,107,7.9,67.0,403580,7.76
305,Once Upon a Time in the West,1968,165,8.5,80.0,314931,5.32
306,The Sound of Music,1965,172,8.0,63.0,216309,163.21
307,Apollo 13,1995,140,7.6,77.0,281207,173.84
308,The Deer Hunter,1978,183,8.1,86.0,325069,48.98
309,"O Brother, Where Art Thou?",2000,107,7.7,69.0,298605,45.51
310,L.A. Confidential,1997,138,8.2,90.0,552559,64.62
311,The Trial of the Chicago 7,2020,129,7.8,76.0,158886,
312,Incredibles 2,2018,118,7.6,80.0,269713,608.58
313,Minority Report,2002,145,7.6,80.0,527327,132.07
314,Aladdin,1992,90,8.0,86.0,387493,217.35
315,The Pursuit of Happyness,2006,117,8.0,64.0,474215,163.57
316,Do the Right Thing,1989,120,8.0,93.0,96571,27.55
317,Taken,2008,90,7.8,51.0,581176,145.0
318,Blazing Saddles,1974,93,7.7,73.0,131795,119.5
319,Lost in Translation,2003,102,7.7,89.0,433458,44.59
320,"Monsters, Inc.",2001,92,8.1,79.0,852353,289.92
321,Lethal Weapon,1987,109,7.6,68.0,246350,65.21
322,X-Men: Days of Future Past,2014,132,7.9,75.0,680592,233.92
323,"Lock, Stock and Two Smoking Barrels",1998,107,8.2,66.0,555912,3.9
324,Dallas Buyers Club,2013,117,8.0,79.0,462095,27.3
325,Road to Perdition,2002,117,7.7,72.0,257379,104.45
326,X-Men: First Class,2011,131,7.7,65.0,663785,146.41
327,Big Hero 6,2014,102,7.8,74.0,430398,222.53
328,Hunt for the Wilderpeople,2016,101,7.9,81.0,120850,5.2
329,The Machinist,2004,101,7.7,61.0,371568,1.08
330,Rain Man,1988,133,8.0,65.0,490741,178.8
331,After Hours,1985,97,7.7,90.0,64698,10.6
332,Gattaca,1997,106,7.8,64.0,290472,12.34
333,The Last Samurai,2003,154,7.7,55.0,416181,111.11
334,Inside Man,2006,129,7.6,76.0,354662,88.51
335,Moonrise Kingdom,2012,94,7.8,84.0,331859,45.51
336,WALL·E,2008,98,8.4,95.0,1044525,223.81
337,Kill Bill: Vol. 2,2004,137,8.0,83.0,714973,66.21
338,Cast Away,2000,143,7.8,73.0,552889,233.63
339,Beauty and the Beast,1991,84,8.0,95.0,428780,218.97
340,500 Days of Summer,2009,95,7.7,76.0,489101,32.39
341,Manchester by the Sea,2016,137,7.8,96.0,262215,47.7
342,The Peanut Butter Falcon,2019,97,7.6,70.0,82484,13.12
343,Sherlock Holmes,2009,128,7.6,57.0,603752,209.03
344,Beasts of No Nation,2015,137,7.7,79.0,77742,0.08
345,The Warriors,1979,92,7.6,65.0,98042,22.49
346,Slumdog Millionaire,2008,120,8.0,84.0,818749,141.32
347,Star Trek Into Darkness,2013,132,7.7,72.0,472581,228.78
348,12 Monkeys,1995,129,8.0,74.0,596559,57.14
349,A Bronx Tale,1993,121,7.8,80.0,134308,17.27
350,Downfall,2004,156,8.2,82.0,342249,5.51
351,Freaks,1932,64,7.9,80.0,44161,
352,Toy Story 4,2019,100,7.7,84.0,223551,434.04
353,Blue Velvet,1986,120,7.7,76.0,189491,8.55
354,Crash,2004,112,7.7,66.0,427634,54.58
355,Shaun of the Dead,2004,99,7.9,76.0,531513,13.54
356,The Thin Red Line,1998,170,7.6,78.0,180469,36.4
357,The Invisible Guest,2016,106,8.1,,161141,
358,The Outlaw Josey Wales,1976,135,7.8,69.0,69954,31.8
359,3 Idiots,2009,170,8.4,67.0,368610,6.53
360,Deliverance,1972,109,7.7,80.0,103573,7.06
361,Malcolm X,1992,202,7.7,73.0,90379,48.17
362,District 9,2009,112,7.9,81.0,655884,115.65
363,Rosemary's Baby,1968,137,8.0,96.0,204062,
364,Dark Waters,2019,126,7.6,73.0,74047,
365,Dr. Strangelove or: How I Learned to Stop Worrying and Love the Bomb,1964,95,8.4,97.0,468348,0.28
366,Seven Samurai,1954,207,8.6,98.0,329533,0.27
367,Papillon,1973,151,8.0,58.0,126496,53.27
368,Scent of a Woman,1992,156,8.0,59.0,279160,63.9
369,As Good as It Gets,1997,139,7.7,67.0,287461,148.48
370,Who Framed Roger Rabbit,1988,104,7.7,83.0,191093,156.45
371,Mary Poppins,1964,139,7.8,88.0,163819,102.27
372,Serenity,2005,119,7.8,74.0,289393,25.51
373,Before Sunrise,1995,101,8.1,77.0,287525,5.54
374,The Theory of Everything,2014,123,7.7,71.0,424437,35.89
375,The Royal Tenenbaums,2001,110,7.6,76.0,277017,52.36
376,Y tu mamá también,2001,106,7.6,88.0,119457,13.62
377,Little Miss Sunshine,2006,101,7.8,80.0,455388,59.89
378,Searching,2018,102,7.6,71.0,152001,26.02
379,Gone Baby Gone,2007,114,7.6,72.0,262635,20.3
380,Misery,1990,107,7.8,75.0,195655,61.28
381,Gone with the Wind,1939,238,8.1,97.0,301882,198.68
382,The Butterfly Effect,2004,113,7.6,30.0,467188,57.94
383,Grave of the Fireflies,1988,89,8.5,94.0,253489,
384,Mr. Nobody,2009,141,7.8,63.0,224470,0.0
385,My Cousin Vinny,1992,120,7.6,68.0,114777,52.93
386,Wreck-It Ralph,2012,101,7.7,72.0,396854,189.42
387,Gifted,2017,101,7.6,60.0,107893,24.8
388,The Fugitive,1993,130,7.8,87.0,279639,183.88
389,Groundhog Day,1993,101,8.0,72.0,596380,70.91
390,Princess Mononoke,1997,134,8.4,76.0,365802,2.38
391,Mulan,1998,88,7.6,71.0,269228,120.62
392,First Blood,1982,93,7.7,61.0,238441,47.21
393,The Magnificent Seven,1960,128,7.7,74.0,91513,4.91
394,The Count of Monte Cristo,2002,131,7.7,61.0,133270,54.23
395,It's a Wonderful Life,1946,130,8.6,89.0,423042,
396,When Harry Met Sally...,1989,95,7.6,76.0,206028,92.82
397,Dark City,1998,100,7.6,66.0,193886,14.38
398,The Great Escape,1963,172,8.2,86.0,234145,12.1
399,Monty Python and the Holy Grail,1975,91,8.2,91.0,518373,1.23
400,Boyz n the Hood,1991,112,7.8,76.0,133244,57.5
401,Back to the Future Part II,1989,108,7.8,57.0,502333,118.5
402,How to Train Your Dragon,2010,98,8.1,75.0,694979,217.58
403,Planet of the Apes,1968,112,8.0,79.0,172514,33.4
404,A Silent Voice: The Movie,2016,130,8.2,78.0,63803,
405,Chinatown,1974,130,8.2,92.0,310036,8.49
406,The Florida Project,2017,111,7.6,92.0,103911,5.9
407,The Blues Brothers,1980,133,7.9,60.0,190448,57.23
408,The Boondock Saints,1999,108,7.7,44.0,233005,0.03
409,Gravity,2013,91,7.7,96.0,792393,274.09
410,The Fall,2006,117,7.9,64.0,109750,2.28
411,Die Hard with a Vengeance,1995,128,7.6,58.0,373975,100.01
412,Eastern Promises,2007,100,7.6,82.0,234871,17.11
413,Isle of Dogs,2018,101,7.9,82.0,151777,32.02
414,Creed,2015,133,7.6,82.0,258908,109.77
415,Blood Diamond,2006,143,8.0,64.0,520110,57.37
416,The Lego Movie,2014,100,7.7,83.0,335500,257.76
417,The Innocents,1961,100,7.8,88.0,28667,2.62
418,Moon,2009,97,7.8,67.0,345986,5.01
419,Cinema Paradiso,1988,155,8.5,80.0,245925,11.99
420,La Haine,1995,98,8.1,,160605,0.31
421,Mad Max 2,1981,96,7.6,77.0,172858,12.47
422,The Others,2001,104,7.6,74.0,351292,96.52
423,"Crouching Tiger, Hidden Dragon",2000,120,7.8,94.0,261069,128.08
424,Night of the Living Dead,1968,96,7.9,89.0,122046,0.09
425,Carlito's Way,1993,144,7.9,65.0,208723,36.95
426,Evil Dead II,1987,84,7.7,72.0,154509,5.92
427,The Skin I Live In,2011,120,7.6,70.0,145391,3.19
428,The Bourne Identity,2002,119,7.9,68.0,524503,121.66
429,What's Eating Gilbert Grape,1993,118,7.7,73.0,225578,9.17
430,Flipped,2010,90,7.7,45.0,86573,1.75
431,Butch Cassidy and the Sundance Kid,1969,110,8.0,66.0,209252,102.31
432,Straight Outta Compton,2015,147,7.8,72.0,188982,161.2
433,Lion,2016,118,8.0,69.0,224991,51.74
434,The Holy Mountain,1973,114,7.9,76.0,40097,0.06
435,Ben-Hur,1959,212,8.1,90.0,228911,74.7
436,Lawrence of Arabia,1962,228,8.3,100.0,279924,44.82
437,JFK,1991,189,8.0,72.0,148707,70.41
438,Dirty Harry,1971,102,7.7,87.0,149428,35.9
439,To Kill a Mockingbird,1962,129,8.3,88.0,304686,
440,Raging Bull,1980,129,8.2,89.0,336270,23.38
441,Ghost in the Shell,1995,83,8.0,76.0,135968,0.52
442,Walk the Line,2005,136,7.8,72.0,241832,119.52
443,The King's Speech,2010,118,8.0,88.0,657143,138.8
444,Sling Blade,1996,135,8.0,84.0,91388,24.48
445,Life of Pi,2012,127,7.9,79.0,600920,124.99
446,Breakfast at Tiffany's,1961,115,7.6,76.0,173013,
447,Barry Lyndon,1975,185,8.1,89.0,158718,
448,Toy Story 3,2010,103,8.2,92.0,787559,415.0
449,Brazil,1985,132,7.9,84.0,194954,9.93
450,The Bridges of Madison County,1995,135,7.6,69.0,77135,71.52
451,Cowboy Bebop: The Movie,2001,115,7.9,61.0,45275,1.0
452,The Elephant Man,1980,124,8.1,78.0,230900,
453,Akira,1988,124,8.0,,174482,0.55
454,The Iron Giant,1999,86,8.0,85.0,181086,23.16
455,Dangal,2016,161,8.4,,171904,12.39
456,Some Like It Hot,1959,121,8.2,98.0,254877,25.0
457,Stalker,1979,162,8.1,,126428,0.23
458,Cabaret,1972,124,7.8,80.0,52117,42.77
459,Chungking Express,1994,102,8.1,78.0,71956,0.6
460,Close Encounters of the Third Kind,1977,138,7.6,90.0,192334,132.09
461,The Girl with the Dragon Tattoo,2009,152,7.8,76.0,212641,10.1
462,The Fighter,2010,116,7.8,79.0,351886,93.62
463,End of Watch,2012,109,7.6,68.0,236062,41.0
464,Das Boot,1981,149,8.3,86.0,240996,11.49
465,Lost Highway,1997,134,7.6,52.0,136546,3.8
466,Boyhood,2014,165,7.9,100.0,344851,25.38
467,North by Northwest,1959,136,8.3,98.0,312674,13.28
468,Changeling,2008,141,7.7,63.0,246976,35.74
469,"Paris, Texas",1984,145,8.1,78.0,99385,2.18
470,Charade,1963,113,7.9,83.0,73064,13.47
471,Midnight Cowboy,1969,113,7.8,79.0,106633,44.79
472,Dawn of the Dead,1978,127,7.9,71.0,115978,5.1
473,My Neighbor Totoro,1988,86,8.2,86.0,311796,1.11
474,Dog Day Afternoon,1975,125,8.0,86.0,246278,50.0
475,This Is Spinal Tap,1984,82,7.9,92.0,134905,4.74
476,Sunset Blvd.,1950,110,8.4,,211506,
477,Cool Hand Luke,1967,127,8.1,92.0,170334,16.22
478,Match Point,2005,124,7.6,72.0,212146,23.09
479,Metropolis,1927,153,8.3,98.0,167068,1.24
480,Captain Phillips,2013,134,7.8,82.0,438515,107.1
481,Empire of the Sun,1987,153,7.7,62.0,120405,22.24
482,The Secret in Their Eyes,2009,129,8.2,80.0,201422,6.39
483,My Fair Lady,1964,170,7.8,95.0,90876,72.0
484,Wild Tales,2014,122,8.1,77.0,187278,3.11
485,Anatomy of a Murder,1959,161,8.0,95.0,63451,11.9
486,From Here to Eternity,1953,118,7.6,85.0,45303,30.5
487,Sweet Smell of Success,1957,96,8.0,100.0,30142,
488,Dogville,2003,178,8.0,60.0,143723,1.53
489,Kung Fu Hustle,2004,99,7.7,78.0,133007,17.11
490,Hachi: A Dog's Tale,2009,93,8.1,,267181,
491,Rushmore,1998,93,7.7,86.0,176282,17.11
492,Perfect Blue,1997,81,8.0,,66044,0.78
493,Donnie Brasco,1997,127,7.7,76.0,291763,41.91
494,21 Grams,2003,124,7.6,70.0,230906,16.29
495,The Raid: Redemption,2011,101,7.6,73.0,197193,4.11
496,Fried Green Tomatoes,1991,130,7.7,64.0,70792,82.42
497,Bonnie and Clyde,1967,111,7.8,86.0,108311,
498,Singin' in the Rain,1952,103,8.3,99.0,229059,8.82
499,Roma,2018,135,7.7,96.0,148707,
500,Glengarry Glen Ross,1992,100,7.7,82.0,100992,10.73
501,Toy Story 2,1999,92,7.9,88.0,549177,245.85
502,Spartacus,1960,197,7.9,87.0,130057,30.0
503,Seven Pounds,2008,123,7.6,36.0,294152,69.95
504,This Is England,2006,101,7.7,86.0,118899,0.33
505,Hero,2002,120,7.9,85.0,177731,53.71
506,3:10 to Yuma,2007,122,7.7,76.0,298361,53.61
507,The Seventh Seal,1957,96,8.2,88.0,175775,
508,The Sting,1973,129,8.3,83.0,250991,159.6
509,Klaus,2019,96,8.2,65.0,120298,
510,Gandhi,1982,191,8.0,79.0,223791,52.77
511,On the Waterfront,1954,108,8.1,91.0,148746,9.6
512,Rio Bravo,1959,141,8.0,93.0,59226,12.54
513,The Last Picture Show,1971,118,8.0,93.0,45147,29.13
514,The Man from Earth,2007,87,7.9,,181090,
515,Being John Malkovich,1999,113,7.7,90.0,323613,22.86
516,Andhadhun,2018,139,8.2,,83160,1.37
517,Only the Brave,2017,134,7.6,72.0,63822,18.34
518,Adaptation.,2002,115,7.7,83.0,186349,22.25
519,Let the Right One In,2008,114,7.9,82.0,210470,2.12
520,The Last King of Scotland,2006,123,7.7,74.0,181152,17.61
521,Ip Man,2008,106,8.0,59.0,217399,
522,Ran,1985,162,8.2,96.0,119673,4.14
523,Philadelphia,1993,125,7.7,66.0,232414,77.32
524,The Ten Commandments,1956,220,7.9,,67286,93.74
525,The French Connection,1971,104,7.7,94.0,116011,15.63
526,Enter the Dragon,1973,102,7.7,83.0,101006,25.0
527,The Bourne Ultimatum,2007,115,8.0,85.0,617005,227.47
528,Naked,1993,131,7.8,84.0,37122,1.77
529,Neon Genesis Evangelion: The End of Evangelion,1997,87,8.1,,46766,
530,Monty Python's Life of Brian,1979,94,8.1,77.0,382057,20.05
531,The Apartment,1960,125,8.3,94.0,172467,18.6
532,The Wrestler,2008,109,7.9,80.0,297106,26.24
533,Frankenstein,1931,70,7.8,91.0,68586,
534,The Insider,1999,157,7.8,84.0,166232,28.97
535,In the Name of the Father,1993,133,8.1,84.0,166273,25.01
536,Glory,1989,122,7.8,78.0,129950,26.83
537,The Remains of the Day,1993,134,7.8,86.0,70078,22.95
538,The Right Stuff,1983,193,7.8,91.0,59577,21.5
539,The Jungle Book,1967,78,7.6,65.0,172854,141.84
540,Ed Wood,1994,127,7.8,70.0,170880,5.89
541,Fallen Angels,1995,99,7.7,71.0,33037,
542,M,1931,99,8.3,,150849,0.03
543,Doctor Zhivago,1965,197,8.0,69.0,72893,111.72
544,Love's a Bitch,2000,154,8.1,83.0,232387,5.38
545,Witness for the Prosecution,1957,116,8.4,,116821,8.18
546,The Name of the Rose,1986,130,7.7,54.0,105303,7.15
547,Nosferatu,1922,94,7.9,,92487,
548,Star Trek II: The Wrath of Khan,1982,113,7.7,67.0,116684,78.91
549,Mississippi Burning,1988,128,7.8,65.0,94876,34.6
550,The Naked Gun: From the Files of Police Squad!,1988,85,7.6,76.0,160692,78.76
551,Before Sunset,2004,80,8.1,90.0,248468,5.82
552,"Blood In, Blood Out",1993,180,8.0,47.0,30040,4.5
553,50/50,2011,100,7.6,72.0,322485,35.01
554,Wolfwalkers,2020,103,8.1,87.0,25792,
555,A Separation,2011,123,8.3,95.0,232436,7.1
556,Before Midnight,2013,109,7.9,94.0,149016,8.11
557,Shine,1996,105,7.7,87.0,52960,35.81
558,Hara-Kiri,1962,133,8.6,85.0,49397,
559,Breathless,1960,90,7.8,,77395,0.34
560,Annie Hall,1977,93,8.0,92.0,258363,39.2
561,Badlands,1973,94,7.8,93.0,69856,
562,Patton,1970,172,7.9,91.0,98764,61.7
563,The Conversation,1974,113,7.8,85.0,105952,4.42
564,Clerks,1994,92,7.7,70.0,216612,3.15
565,The Bourne Supremacy,2004,108,7.7,73.0,446930,176.24
566,Mother,2009,129,7.8,79.0,58698,0.55
567,I Am Sam,2001,132,7.6,28.0,146853,40.31
568,The Color Purple,1985,154,7.8,78.0,82461,98.47
569,Hotel Rwanda,2004,121,8.1,79.0,343971,23.53
570,Short Term 12,2013,96,8.0,82.0,85124,1.01
571,King Kong,1933,100,7.9,90.0,82641,10.0
572,A Streetcar Named Desire,1951,122,8.0,97.0,104232,8.0
573,The Best Offer,2013,131,7.8,49.0,113462,0.09
574,Kiki's Delivery Service,1989,103,7.9,83.0,133533,
575,Awakenings,1990,121,7.8,74.0,132982,52.1
576,Paths of Glory,1957,88,8.4,90.0,187516,
577,Billy Elliot,2000,110,7.7,74.0,130614,22.0
578,Blood Simple,1984,99,7.6,83.0,92278,2.15
579,Tumbbad,2018,104,8.3,,37164,
580,Serpico,1973,130,7.7,87.0,116965,29.8
581,October Sky,1999,108,7.8,71.0,87068,32.48
582,The Great Beauty,2013,141,7.8,86.0,84666,2.85
583,Once,2007,86,7.8,88.0,113596,9.44
584,The Straight Story,1999,112,8.0,86.0,87121,6.2
585,Sing Street,2016,106,7.9,79.0,89464,3.24
586,How to Train Your Dragon 2,2014,102,7.8,76.0,317467,177.0
587,All the President's Men,1976,138,8.0,84.0,109655,70.6
588,Cinderella Man,2005,144,8.0,69.0,181626,61.65
589,Nausicaä of the Valley of the Wind,1984,117,8.1,86.0,160343,0.5
590,Rebecca,1940,130,8.1,86.0,131287,4.36
591,Paddington 2,2017,103,7.8,88.0,68022,40.44
592,Persona,1966,83,8.1,86.0,110990,
593,Mommy,2014,139,8.1,74.0,53936,3.49
594,Raatchasan,2018,170,8.4,,35109,
595,The Artist,2011,100,7.9,89.0,236123,44.67
596,Ponyo,2008,101,7.7,86.0,133537,15.09
597,Solaris,1972,167,8.1,90.0,86915,
598,Detachment,2011,98,7.7,52.0,80776,0.07
599,The Wild Bunch,1969,135,7.9,97.0,81737,12.06
600,Ordinary People,1980,124,7.7,86.0,49599,54.8
601,Infernal Affairs,2002,101,8.0,75.0,121443,0.17
602,Miller's Crossing,1990,115,7.7,66.0,131103,5.08
603,The Bridge on the River Kwai,1957,161,8.1,87.0,211551,44.91
604,Togo,2019,113,8.0,69.0,43302,
605,The Dirty Dozen,1967,150,7.7,73.0,70059,45.3
606,Uri: The Surgical Strike,2019,138,8.3,,52015,4.19
607,Black Book,2006,145,7.7,71.0,74762,4.4
608,The Discreet Charm of the Bourgeoisie,1972,102,7.9,93.0,41070,0.2
609,The Treasure of the Sierra Madre,1948,126,8.2,98.0,119871,5.01
610,The Man from Nowhere,2010,119,7.8,,66369,0.01
611,The Third Man,1949,93,8.1,97.0,165393,0.45
612,Paprika,2006,90,7.7,81.0,76967,0.88
613,Rebel Without a Cause,1955,111,7.7,89.0,87025,
614,The Searchers,1956,119,7.9,94.0,85419,
615,The Night of the Hunter,1955,92,8.0,99.0,85680,0.65
616,Kelly's Heroes,1970,144,7.6,50.0,47379,1.38
617,Barton Fink,1991,116,7.7,69.0,117162,6.15
618,"Spring, Summer, Fall, Winter... and Spring",2003,103,8.0,85.0,80358,2.38
619,The King of Comedy,1982,109,7.8,73.0,96513,2.5
620,Where Eagles Dare,1968,158,7.6,63.0,55626,
621,Escape from Alcatraz,1979,112,7.6,76.0,127495,43.0
622,The Bride of Frankenstein,1935,75,7.8,95.0,45828,4.36
623,Rashomon,1950,88,8.2,98.0,160391,0.1
624,Finding Neverland,2004,106,7.7,67.0,202529,51.68
625,Fanny and Alexander,1982,188,8.1,100.0,60926,4.97
626,A Christmas Story,1983,93,7.9,77.0,136996,20.61
627,Philomena,2013,98,7.6,77.0,97198,37.71
628,The Maltese Falcon,1941,100,8.0,97.0,153597,2.11
629,The Sweet Life,1960,174,8.0,95.0,70013,19.52
630,Hedwig and the Angry Inch,2001,95,7.7,85.0,34552,3.03
631,Like Stars on Earth,2007,165,8.4,,181121,1.22
632,The Hustler,1961,134,8.0,90.0,79377,8.28
633,Double Indemnity,1944,107,8.3,95.0,150255,5.72
634,In the Heat of the Night,1967,110,7.9,75.0,71028,24.38
635,8½,1963,138,8.0,91.0,113682,0.05
636,Withnail & I,1987,107,7.6,84.0,42265,1.54
637,Kramer vs. Kramer,1979,105,7.8,77.0,139214,106.26
638,God's Own Country,2017,104,7.7,85.0,28097,0.34
639,Wings of Desire,1987,128,8.0,79.0,68084,3.33
640,Sabrina,1954,113,7.7,72.0,62182,
641,Dancer in the Dark,2000,140,8.0,61.0,106070,4.18
642,Stagecoach,1939,96,7.9,93.0,46321,
643,The Long Goodbye,1973,112,7.6,87.0,28800,0.96
644,Being There,1979,130,8.0,83.0,69924,30.18
645,Lucky Number Slevin,2006,110,7.7,53.0,306088,22.49
646,East of Eden,1955,118,7.9,72.0,43685,
647,Once Were Warriors,1994,102,7.9,77.0,32851,2.2
648,The Last Emperor,1987,163,7.7,76.0,98749,43.98
649,Me and Earl and the Dying Girl,2015,105,7.7,74.0,127397,6.74
650,Shoplifters,2018,121,7.9,93.0,69960,3.31
651,Pride,2014,119,7.8,79.0,54390,
652,The Wind Rises,2013,126,7.8,83.0,79262,5.21
653,Roman Holiday,1953,118,8.0,78.0,133519,
654,Fiddler on the Roof,1971,181,8.0,67.0,41436,80.5
655,Days of Heaven,1978,94,7.8,93.0,55659,
656,Happiness,1998,134,7.7,81.0,68438,2.81
657,Guess Who's Coming to Dinner,1967,108,7.8,63.0,42198,56.7
658,Dial M for Murder,1954,105,8.2,75.0,167062,0.01
659,Loveless,2017,127,7.6,86.0,31710,0.57
660,The Body,2012,112,7.6,,61957,
661,The Taking of Pelham One Two Three,1974,104,7.7,68.0,28972,2.49
662,City Lights,1931,87,8.5,99.0,176305,0.02
663,The Big Sleep,1946,114,7.9,,82827,6.54
664,A Little Princess,1995,97,7.7,83.0,33416,10.02
665,High Noon,1952,85,8.0,89.0,100931,9.45
666,The Raid 2,2014,150,8.0,71.0,118751,2.63
667,Notorious,1946,102,8.0,100.0,97449,10.46
668,What Ever Happened to Baby Jane?,1962,134,8.1,75.0,52911,4.05
669,The Chaser,2008,125,7.8,64.0,62298,
670,Baahubali: The Beginning,2015,159,8.0,,108678,6.74
671,Castle in the Sky,1986,125,8.0,78.0,157753,
672,The Killing,1956,84,8.0,91.0,85928,
673,Happy Together,1997,96,7.7,70.0,25873,0.19
674,Gangs of Wasseypur,2012,321,8.2,89.0,89931,
675,The World's Fastest Indian,2005,127,7.8,68.0,53446,5.13
676,All About Eve,1950,138,8.2,98.0,126127,0.01
677,Letters from Iwo Jima,2006,141,7.9,89.0,158305,13.76
678,The Day the Earth Stood Still,1951,92,7.7,,79628,
679,Pink Floyd: The Wall,1982,95,8.0,47.0,78637,22.24
680,My Left Foot,1989,103,7.9,97.0,71388,14.74
681,The Man Who Shot Liberty Valance,1962,123,8.1,94.0,72662,
682,Three Colors: Red,1994,99,8.1,100.0,98182,4.04
683,Rope,1948,80,8.0,73.0,136394,
684,Gaslight,1944,114,7.8,,26592,
685,The Passion of Joan of Arc,1928,114,8.1,,51552,0.02
686,25th Hour,2002,135,7.6,68.0,174853,13.06
687,Open Your Eyes,1997,119,7.7,,67438,0.37
688,Whisper of the Heart,1995,111,7.9,75.0,57117,
689,Yojimbo,1961,110,8.2,93.0,117474,
690,Modern Times,1936,87,8.5,96.0,229157,0.16
691,Sympathy for Mr. Vengeance,2002,129,7.6,56.0,65822,0.05
692,Belle de Jour,1967,100,7.7,,42442,0.03
693,Ray,2004,152,7.7,73.0,143097,75.33
694,The Longest Day,1962,178,7.8,75.0,53955,39.1
695,Paper Moon,1973,102,8.1,77.0,44677,30.93
696,Giant,1956,201,7.6,84.0,37101,
697,The Cabinet of Dr. Caligari,1920,67,8.1,,60478,
698,Drishyam,2015,163,8.2,,76901,0.74
699,Mary and Max,2009,92,8.1,,170817,
700,Bicycle Thieves,1948,89,8.3,,155947,0.33
701,All That Jazz,1979,123,7.9,72.0,29874,37.82
702,The Great Dictator,1940,125,8.4,,213588,0.29
703,The Killing Fields,1984,141,7.8,76.0,53825,34.7
704,The Celebration,1998,105,8.1,82.0,83536,1.65
705,Hamlet,1996,242,7.7,,37145,4.41
706,All About My Mother,1999,101,7.9,87.0,93031,8.26
707,PK,2014,153,8.1,,172765,10.62
708,Manhattan,1979,96,7.9,83.0,136630,45.7
709,Chhichhore,2019,143,8.3,,44440,0.9
710,Mirror,1975,107,8.1,80.0,43490,0.18
711,Amour,2012,127,7.9,94.0,96689,6.74
712,Invasion of the Body Snatchers,1956,80,7.7,92.0,47186,
713,Strangers on a Train,1951,101,8.0,88.0,129550,7.63
714,Three Colors: Blue,1993,94,7.9,85.0,96568,1.32
715,Perfect Strangers,2016,96,7.8,,60893,
716,Run Lola Run,1998,80,7.7,77.0,194063,7.27
717,The Verdict,1982,129,7.7,77.0,38149,54.0
718,Fantasia,1940,125,7.7,96.0,92036,76.41
719,The 400 Blows,1959,99,8.1,,111638,
720,Loving Vincent,2017,94,7.8,62.0,54363,6.74
721,Kubo and the Two Strings,2016,101,7.8,84.0,123395,48.02
722,"South Park: Bigger, Longer & Uncut",1999,81,7.7,73.0,198509,52.04
723,To Have and Have Not,1944,100,7.8,90.0,32945,
724,Breaking the Waves,1996,159,7.8,76.0,64792,4.04
725,Battleship Potemkin,1925,66,8.0,97.0,55562,0.05
726,Judgment at Nuremberg,1961,179,8.2,60.0,73884,
727,Nebraska,2013,115,7.7,87.0,115359,17.65
728,The Tenant,1976,126,7.7,71.0,42130,1.92
729,Short Cuts,1993,188,7.7,79.0,43756,6.11
730,The Sacrifice,1986,149,8.0,,26669,0.3
731,The Double Life of Véronique,1991,98,7.8,86.0,45542,2.0
732,Scarface,1932,93,7.8,87.0,26872,
733,Children of Heaven,1997,89,8.3,77.0,70495,0.93
734,Talk to Her,2002,112,7.9,86.0,108852,9.28
735,The Manchurian Candidate,1962,126,7.9,94.0,73619,
736,The Quiet Man,1952,129,7.8,,36713,10.55
737,The Tale of The Princess Kaguya,2013,137,8.0,89.0,42591,1.51
738,Control,2007,122,7.7,78.0,63443,0.87
739,It Happened One Night,1934,105,8.1,87.0,99005,4.36
740,A Hard Day's Night,1964,87,7.6,96.0,43289,13.78
741,The Invisible Man,1933,71,7.7,87.0,32715,
742,Miracle in Cell No. 7,2019,132,8.2,,42726,
743,Ikiru,1952,143,8.3,,73857,0.06
744,A Man Called Ove,2015,116,7.7,70.0,50978,3.36
745,Who's Afraid of Virginia Woolf?,1966,131,8.0,75.0,72836,
746,Dead Man's Shoes,2004,90,7.6,52.0,51725,0.01
747,Delicatessen,1991,99,7.6,66.0,83049,1.79
748,The Grapes of Wrath,1940,129,8.1,96.0,89580,0.06
749,The Best Years of Our Lives,1946,170,8.1,93.0,61064,23.65
750,The Legend of 1900,1998,169,8.1,58.0,61600,0.26
751,Wild Strawberries,1957,91,8.2,88.0,102356,
752,Victoria,2015,138,7.6,77.0,56008,
753,High and Low,1963,143,8.4,,39815,
754,The African Queen,1951,105,7.8,91.0,75996,0.54
755,Good Bye Lenin!,2003,121,7.7,68.0,141871,4.06
756,Adam's Apples,2005,94,7.8,51.0,48328,0.0
757,In a Better World,2010,118,7.6,65.0,39425,1.01
758,Autumn Sonata,1978,99,8.2,,31438,
759,Touch of Evil,1958,95,8.0,99.0,101655,2.24
760,Fantastic Planet,1973,72,7.8,73.0,28247,0.19
761,Mysterious Skin,2004,105,7.6,73.0,67622,0.7
762,Watership Down,1978,91,7.6,64.0,35220,
763,Le Samouraï,1967,101,8.1,,48527,0.04
764,Porco Rosso,1992,94,7.7,83.0,83451,
765,Repulsion,1965,105,7.7,91.0,51217,
766,The Diving Bell and the Butterfly,2007,112,8.0,92.0,105731,5.99
767,The Man Who Would Be King,1975,129,7.8,91.0,47126,
768,Sunrise,1927,94,8.1,,49644,0.54
769,When Marnie Was There,2014,103,7.7,72.0,36548,0.77
770,Mr. Smith Goes to Washington,1939,129,8.1,73.0,111588,9.6
771,Key Largo,1948,100,7.8,,39062,
772,Wait Until Dark,1967,108,7.8,81.0,29271,17.55
773,Eyes Without a Face,1960,90,7.7,90.0,29558,0.05
774,3-Iron,2004,88,8.0,72.0,53082,0.24
775,The Red Shoes,1948,135,8.1,,33070,10.9
776,"Duck, You Sucker!",1971,138,7.6,77.0,33193,0.7
777,The Odd Couple,1968,105,7.7,86.0,33477,44.53
778,Pather Panchali,1955,125,8.5,,28660,0.54
779,A Prophet,2009,155,7.9,90.0,96385,2.08
780,Secrets & Lies,1996,136,8.0,91.0,41343,13.42
781,Waking Life,2001,99,7.8,83.0,62507,2.89
782,A Man for All Seasons,1966,120,7.7,72.0,33290,28.35
783,The Philadelphia Story,1940,112,7.9,96.0,66368,
784,Zindagi Na Milegi Dobara,2011,155,8.2,,73043,3.11
785,The Day of the Jackal,1973,143,7.8,80.0,39253,16.06
786,Arsenic and Old Lace,1943,118,8.0,,68548,
787,Hannah and Her Sisters,1986,107,7.9,90.0,69547,40.08
788,The Wave,2008,107,7.6,,105908,
789,Dara of Jasenovac,2020,130,8.8,,79467,
790,Andrei Rublev,1966,205,8.1,,50937,0.1
791,In a Lonely Place,1950,94,8.0,,29190,
792,Lilya 4-Ever,2002,109,7.8,82.0,44325,0.18
793,The Lion in Winter,1968,134,7.9,,30343,22.28
794,Tokyo Story,1953,136,8.2,,57771,
795,The Hidden Fortress,1958,126,8.1,89.0,37356,
796,Leviathan,2014,140,7.6,92.0,51582,1.09
797,The Sea Inside,2004,126,8.0,74.0,79830,2.09
798,The White Ribbon,2009,144,7.8,82.0,71175,2.22
799,Celda 211,2009,113,7.6,,65877,
800,A Very Long Engagement,2004,133,7.6,76.0,72324,6.17
801,The Muppet Movie,1979,95,7.6,74.0,34520,76.66
802,Cat on a Hot Tin Roof,1958,108,8.0,84.0,47429,17.57
803,Land of Mine,2015,100,7.8,75.0,38624,0.44
804,Zulu,1964,138,7.7,77.0,37735,
805,The Adventures of Robin Hood,1938,102,7.9,97.0,49221,3.98
806,The Station Agent,2003,89,7.6,81.0,68995,5.74
807,The Kid,1921,68,8.3,,120378,5.45
808,Ayla: The Daughter of War,2017,125,8.4,,37135,
809,The Vanishing,1988,107,7.7,,37001,
810,Peeping Tom,1960,101,7.7,,33445,0.08
811,Out of the Past,1947,97,8.0,,35055,
812,Z,1969,127,8.3,86.0,25585,0.08
813,The Motorcycle Diaries,2004,126,7.8,75.0,99240,16.76
814,Throne of Blood,1957,110,8.1,,49820,
815,"Aguirre, the Wrath of God",1972,95,7.9,,54874,
816,Night on Earth,1991,129,7.7,68.0,58063,2.02
817,Diabolique,1955,117,8.1,,63980,
818,Song of the Sea,2014,93,8.1,85.0,55377,0.86
819,Soorarai Pottru,2020,153,9.1,,90333,
820,Persepolis,2007,96,8.0,90.0,91852,4.45
821,Ace in the Hole,1951,111,8.1,72.0,33980,3.97
822,Cape Fear,1962,106,7.7,76.0,27847,
823,Red River,1948,133,7.8,,29775,
824,Underground,1995,167,8.1,79.0,56991,0.17
825,Laura,1944,88,8.0,,44892,4.36
826,Bringing Up Baby,1938,102,7.9,91.0,59073,
827,Stalag 17,1953,120,8.0,84.0,54100,
828,The Experiment,2001,120,7.7,60.0,92470,0.14
829,All Quiet on the Western Front,1930,152,8.1,91.0,59428,3.27
830,The 39 Steps,1935,86,7.6,93.0,54626,
831,Hard Boiled,1992,128,7.8,,48746,
832,Rififi,1955,118,8.1,97.0,32666,0.06
833,The Battle of Algiers,1966,121,8.1,96.0,56947,0.06
834,Gilda,1946,110,7.6,,30949,
835,Elite Squad,2007,115,8.0,33.0,100824,0.01
836,The General,1926,67,8.1,,86982,1.03
837,The Wages of Fear,1953,131,8.1,85.0,58309,
838,K.G.F: Chapter 1,2018,156,8.3,,47808,
839,To Be or Not to Be,1942,99,8.2,86.0,33886,
840,Lagaan: Once Upon a Time in India,2001,224,8.1,84.0,109497,0.07
841,Bajrangi Bhaijaan,2015,163,8.0,,81035,8.18
842,The Umbrellas of Cherbourg,1964,91,7.8,86.0,25643,0.03
843,Shadow of a Doubt,1943,108,7.8,94.0,62717,
844,Inherit the Wind,1960,128,8.1,75.0,29072,
845,Ninja Scroll,1993,94,7.9,,36011,
846,The Little Prince,2015,108,7.7,70.0,59388,1.34
847,Confessions,2010,106,7.7,,37456,
848,Badla,2019,118,7.8,,25570,
849,M.S. Dhoni: The Untold Story,2016,184,7.9,,47893,1.78
850,The Lady Vanishes,1938,96,7.8,98.0,50272,
851,Fitzcarraldo,1982,158,8.1,,33438,
852,Rockstar,2011,159,7.7,,42060,0.99
853,Joint Security Area,2000,110,7.8,58.0,28386,
854,Batman: Mask of the Phantasm,1993,76,7.8,,46744,5.62
855,Down by Law,1986,107,7.7,75.0,49977,1.44
856,Three Colors: White,1994,92,7.6,88.0,69723,1.46
857,The Salesman,2016,124,7.7,85.0,56336,2.4
858,Wolf Children,2012,117,8.1,71.0,41814,
859,The Lunchbox,2013,104,7.8,76.0,53375,4.23
860,Cries & Whispers,1972,91,8.1,,32416,1.74
861,The Conformist,1970,113,8.0,100.0,28987,0.54
862,"I, Daniel Blake",2016,100,7.9,78.0,57109,0.26
863,Interstate 60: Episodes of the Road,2002,116,7.7,,31176,
864,The Ladykillers,1955,91,7.7,91.0,28191,
865,My Name Is Khan,2010,165,8.0,50.0,102823,4.02
866,Amarcord,1973,123,7.9,,41796,0.58
867,Nights of Cabiria,1957,110,8.1,,46154,0.75
868,The Asphalt Jungle,1950,112,7.9,,25438,
869,Sherlock Jr.,1924,45,8.2,,46130,0.98
870,Frost/Nixon,2008,122,7.7,80.0,105892,18.59
871,Departures,2008,130,8.1,68.0,50369,1.5
872,Taste of Cherry,1997,95,7.8,80.0,27404,0.31
873,His Girl Friday,1940,92,7.9,,56189,0.3
874,Miracle on 34th Street,1947,96,7.9,88.0,44138,2.65
875,"Black Cat, White Cat",1998,127,8.1,73.0,52442,0.35
876,Kagemusha,1980,162,8.0,84.0,34245,
877,Article 15,2019,130,8.2,,27764,
878,Harvey,1950,104,7.9,,54172,
879,Head-On,2004,121,7.9,78.0,52845,
880,Nostalghia,1983,125,8.1,,25438,0.01
881,The Virgin Spring,1960,89,8.1,,28065,1.53
882,Crimes and Misdemeanors,1989,104,7.9,77.0,56542,18.25
883,The Broken Circle Breakdown,2012,111,7.7,70.0,40400,0.18
884,Vampire Hunter D: Bloodlust,2000,103,7.7,62.0,30602,0.15
885,Farewell My Concubine,1993,171,8.1,83.0,26755,5.22
886,Sleuth,1972,138,8.0,,46459,4.08
887,The Message,1976,177,8.2,,45763,
888,Bhaag Milkha Bhaag,2013,186,8.2,,64851,1.63
889,Winter Sleep,2014,196,8.1,88.0,49541,0.17
890,The Exterminating Angel,1962,95,8.1,,31813,
891,La Strada,1954,108,8.0,,60898,
892,The Return,2003,110,8.0,82.0,44268,0.5
893,Pink,2016,136,8.1,,42514,1.24
894,Badhaai Ho,2018,124,8.0,,31281,
895,My Sassy Girl,2001,137,8.0,,46856,
896,Only Yesterday,1991,118,7.6,90.0,29672,0.45
897,Queen,2013,146,8.2,,63717,1.43
898,Nobody Knows,2004,141,8.1,88.0,26410,0.68
899,The Chorus,2004,97,7.9,56.0,59597,3.64
900,Brief Encounter,1945,86,8.0,92.0,38136,
901,Duck Soup,1933,69,7.8,93.0,58780,
902,Au Revoir les Enfants,1987,104,8.0,88.0,32652,4.54
903,Jab We Met,2007,138,7.9,,50284,0.41
904,The Thin Man,1934,91,8.0,86.0,28114,
905,Darbareye Elly,2009,119,8.0,87.0,50128,0.11
906,The Girl Who Leapt Through Time,2006,98,7.7,,63310,
907,Vikram Vedha,2017,147,8.3,,33674,
908,The Bandit,1996,128,8.2,,67805,
909,After the Wedding,2006,120,7.7,78.0,33603,0.41
910,Ivan's Childhood,1962,95,8.1,,34385,
911,Baby,2015,159,8.0,,55515,
912,The Magdalene Sisters,2002,114,7.7,83.0,26713,4.89
913,"4 Months, 3 Weeks and 2 Days",2007,113,7.9,97.0,58576,1.19
914,L'Avventura,1960,144,7.9,,28213,
915,The Purple Rose of Cairo,1985,82,7.7,75.0,50053,10.63
916,Raise the Red Lantern,1991,125,8.1,,31242,2.6
917,Dreams,1990,119,7.8,,25306,1.96
918,The Gold Rush,1925,95,8.2,,106659,5.45
919,Vivre Sa Vie,1962,85,8.0,,30045,
920,The Shop Around the Corner,1940,99,8.1,96.0,30229,0.2
921,The Postman,1994,108,7.7,81.0,35133,21.85
922,Hindi Medium,2017,132,7.9,,26092,
923,Lupin III: The Castle of Cagliostro,1979,102,7.6,72.0,29039,
924,Tokyo Godfathers,2003,92,7.8,73.0,34540,0.13
925,Time of the Gypsies,1988,142,8.2,,29511,0.28
926,The Secret of Kells,2009,75,7.6,81.0,33865,0.69
927,Dilwale Dulhania Le Jayenge,1995,181,8.1,,66519,
928,Masaan,2015,109,8.2,,25923,
929,Drishyam 2,2021,152,8.6,,30949,
930,Lifeboat,1944,97,7.6,78.0,27807,
931,Special 26,2013,144,8.0,,53873,1.08
932,Baahubali 2: The Conclusion,2017,167,8.2,,81277,20.19
933,Sanjuro,1962,96,8.1,,36700,
934,Fireworks,1997,103,7.8,,29274,0.23
935,Kahaani,2012,122,8.1,,60451,1.04
936,Once Upon a Time in Anatolia,2011,157,7.9,82.0,44551,0.14
937,Barfi!,2012,151,8.1,,78923,2.8
938,The Caine Mutiny,1954,124,7.7,63.0,26760,21.75
939,My Father and My Son,2005,112,8.2,,83244,
940,Hera Pheri,2000,156,8.2,,62365,
941,G.O.R.A.,2004,127,8.0,,59801,
942,The Lost Weekend,1945,101,7.9,,35465,9.46
943,The Killer,1989,111,7.8,82.0,47169,
944,The Past,2013,130,7.7,85.0,47399,1.33
945,Dil Chahta Hai,2001,183,8.1,,69778,0.3
946,The Triplets of Belleville,2003,80,7.8,91.0,53242,7.0
947,Talvar,2015,132,8.2,,33390,0.34
948,Jules and Jim,1962,105,7.8,97.0,39679,
949,In America,2002,105,7.7,76.0,42478,15.54
950,Evil,2003,113,7.8,61.0,36794,0.02
951,The Muppet Christmas Carol,1992,85,7.7,64.0,51940,27.28
952,Hiroshima Mon Amour,1959,90,7.9,,30175,0.09
953,Joyeux Noel,2005,116,7.7,70.0,28741,1.05
954,Tangerines,2013,87,8.2,73.0,44053,0.14
955,Kind Hearts and Coronets,1949,106,8.0,,36161,
956,Rang De Basanti,2006,167,8.1,,116607,2.2
957,Millennium Actress,2001,87,7.9,70.0,25697,0.19
958,A Wednesday,2008,104,8.1,,76460,
959,White Heat,1949,114,8.1,,31526,
960,Central Station,1998,110,8.0,80.0,38166,5.6
961,Haider,2014,160,8.1,,52354,0.9
962,Gully Boy,2019,154,7.9,65.0,35855,5.57
963,No Man's Land,2001,98,7.9,84.0,46087,1.06
964,Udaan,2010,134,8.2,,43951,0.01
965,Love and Death,1975,85,7.7,89.0,37501,
966,La Grande Illusion,1937,113,8.1,,35372,0.17
967,The Rules of the Game,1939,110,8.0,,27956,
968,Nine Queens,2000,114,7.9,80.0,51413,1.22
969,A Night at the Opera,1935,96,7.9,,31837,2.54
970,Kal Ho Naa Ho,2003,186,7.9,54.0,66358,1.79
971,Tae Guk Gi: The Brotherhood of War,2004,140,8.0,64.0,38868,1.11
972,Elite Squad 2: The Enemy Within,2010,115,8.0,71.0,81144,0.1
973,Veer Zaara,2004,192,7.8,67.0,51151,2.92
974,Drishyam,2013,160,8.3,,38213,
975,Udta Punjab,2016,148,7.8,,28870,
976,Black,2005,122,8.2,,34219,0.73
977,Dev.D,2009,144,8.0,,29844,0.01
978,Zelig,1983,79,7.7,,41158,11.8
979,Airlift,2016,130,8.0,,55183,
980,C.R.A.Z.Y.,2005,129,7.9,81.0,32068,
981,Knockin' on Heaven's Door,1997,87,7.9,,28994,0.0
982,Le Dîner de Cons,1998,80,7.7,73.0,40131,4.07
983,The Circus,1928,72,8.1,90.0,32291,
984,Sholay,1975,162,8.2,,53724,
985,Raazi,2018,138,7.8,,28085,
986,The Edge of Heaven,2007,122,7.8,85.0,31567,0.74
987,Swades,2004,189,8.2,,87162,1.22
988,OMG: Oh My God!,2012,125,8.1,,55282,0.92
989,Vicky Donor,2012,126,7.8,,41570,0.17
990,Chak De! India,2007,153,8.2,68.0,77509,1.11
991,Munna Bhai M.B.B.S.,2003,156,8.1,,78032,
992,"Carry On, Munna Bhai",2006,144,8.1,,45338,2.22
993,Anand,1971,122,8.2,,32840,
994,Paan Singh Tomar,2012,135,8.2,,34966,0.04
995,Kai Po Che,2013,120,7.8,40.0,35390,1.12
996,Vizontele,2001,110,8.0,,35271,
997,English Vinglish,2012,134,7.8,,35059,1.67
998,The Breath,2009,128,8.0,,32841,
999,Andaz Apna Apna,1994,160,8.1,,51766,
